Year,Team,TS%,eFG%,FT/FGA,ORtg
1980,Boston Celtics*,0.55,0.475,0.234,109.4
1980,Los Angeles Lakers*,0.569,0.475,0.181,109.5
1980,Seattle SuperSonics*,0.52,0.463,0.221,105.8
1980,Philadelphia 76ers*,0.544,0.46,0.217,105.0
1980,Milwaukee Bucks*,0.532,0.467,0.229,106.8
1980,Phoenix Suns*,0.548,0.483,0.213,105.6
1980,Kansas City Kings*,0.522,0.479,0.273,104.0
1980,Atlanta Hawks*,0.523,0.461,0.291,105.2
1980,Cleveland Cavaliers,0.519,0.505,0.216,106.7
1980,Houston Rockets*,0.533,0.499,0.23,108.1
1980,San Antonio Spurs*,0.553,0.506,0.216,108.6
1980,Indiana Pacers,0.523,0.493,0.23,105.5
1980,Portland Trail Blazers*,0.519,0.482,0.245,103.4
1980,New Jersey Nets,0.518,0.472,0.263,101.5
1980,New York Knicks,0.539,0.498,0.263,106.5
1980,Washington Bullets*,0.504,0.469,0.218,103.2
1980,Chicago Bulls,0.545,0.5,0.251,104.3
1980,San Diego Clippers,0.522,0.503,0.215,105.7
1980,Denver Nuggets,0.517,0.497,0.224,103.4
1980,Golden State Warriors,0.52,0.498,0.273,102.0
1980,Utah Jazz,0.547,0.5,0.237,104.2
1980,Detroit Pistons,0.523,0.499,0.239,101.2
1981,Philadelphia 76ers*,0.562,0.454,0.252,107.0
1981,Milwaukee Bucks*,0.546,0.461,0.28,108.7
1981,Boston Celtics*,0.553,0.464,0.24,108.4
1981,Phoenix Suns*,0.537,0.471,0.244,104.6
1981,Los Angeles Lakers*,0.548,0.468,0.208,107.6
1981,San Antonio Spurs*,0.545,0.475,0.233,108.5
1981,Chicago Bulls*,0.556,0.493,0.232,107.8
1981,New York Knicks*,0.533,0.504,0.22,106.0
1981,Indiana Pacers*,0.528,0.492,0.248,106.4
1981,Portland Trail Blazers*,0.534,0.49,0.246,106.5
1981,Houston Rockets*,0.534,0.496,0.214,107.0
1981,Washington Bullets,0.514,0.472,0.212,102.7
1981,Kansas City Kings*,0.54,0.483,0.265,104.7
1981,Denver Nuggets,0.537,0.509,0.232,109.4
1981,Golden State Warriors,0.537,0.507,0.25,108.5
1981,San Diego Clippers,0.528,0.507,0.262,106.0
1981,Seattle SuperSonics,0.521,0.468,0.232,103.2
1981,Atlanta Hawks,0.537,0.498,0.295,104.3
1981,Cleveland Cavaliers,0.513,0.507,0.251,104.3
1981,New Jersey Nets,0.525,0.506,0.281,101.0
1981,Utah Jazz,0.536,0.492,0.268,103.4
1981,Detroit Pistons,0.51,0.512,0.242,98.1
1981,Dallas Mavericks,0.519,0.516,0.245,102.4
1982,Boston Celtics*,0.545,0.472,0.22,109.8
1982,Philadelphia 76ers*,0.566,0.48,0.261,109.6
1982,Milwaukee Bucks*,0.553,0.471,0.253,107.7
1982,Los Angeles Lakers*,0.551,0.493,0.187,110.2
1982,Seattle SuperSonics*,0.535,0.464,0.214,106.4
1982,Phoenix Suns*,0.538,0.47,0.233,105.8
1982,San Antonio Spurs*,0.537,0.487,0.256,109.9
1982,Golden State Warriors,0.541,0.493,0.256,108.8
1982,Washington Bullets*,0.524,0.468,0.228,103.3
1982,New Jersey Nets*,0.529,0.486,0.281,103.0
1982,Portland Trail Blazers,0.547,0.502,0.223,108.8
1982,Atlanta Hawks*,0.529,0.473,0.282,105.1
1982,Denver Nuggets*,0.578,0.528,0.213,114.3
1982,Houston Rockets*,0.52,0.5,0.209,108.3
1982,Detroit Pistons,0.534,0.512,0.224,105.8
1982,Indiana Pacers,0.516,0.494,0.221,102.7
1982,Chicago Bulls,0.557,0.499,0.207,106.6
1982,New York Knicks,0.535,0.508,0.255,106.0
1982,Kansas City Kings,0.533,0.504,0.287,104.2
1982,Dallas Mavericks,0.519,0.51,0.266,105.9
1982,Utah Jazz,0.538,0.513,0.244,106.2
1982,San Diego Clippers,0.547,0.529,0.28,106.6
1982,Cleveland Cavaliers,0.51,0.515,0.271,103.3
1983,Philadelphia 76ers*,0.549,0.464,0.217,108.3
1983,Los Angeles Lakers*,0.561,0.494,0.191,110.5
1983,Boston Celtics*,0.536,0.473,0.236,106.9
1983,Phoenix Suns*,0.54,0.458,0.235,105.1
1983,Milwaukee Bucks*,0.537,0.459,0.228,105.8
1983,San Antonio Spurs*,0.556,0.489,0.228,110.1
1983,Seattle SuperSonics*,0.539,0.464,0.21,105.9
1983,New Jersey Nets*,0.532,0.481,0.251,101.6
1983,New York Knicks*,0.526,0.478,0.257,102.4
1983,Portland Trail Blazers*,0.535,0.49,0.218,106.0
1983,Kansas City Kings,0.542,0.49,0.291,106.2
1983,Denver Nuggets*,0.55,0.509,0.22,109.7
1983,Washington Bullets,0.511,0.471,0.214,99.1
1983,Detroit Pistons,0.529,0.496,0.214,105.4
1983,Dallas Mavericks,0.535,0.506,0.228,109.4
1983,Atlanta Hawks*,0.516,0.473,0.223,102.2
1983,Golden State Warriors,0.526,0.513,0.241,103.9
1983,Utah Jazz,0.531,0.481,0.208,101.2
1983,Chicago Bulls,0.532,0.498,0.237,103.4
1983,San Diego Clippers,0.518,0.531,0.284,104.7
1983,Indiana Pacers,0.52,0.52,0.249,103.8
1983,Cleveland Cavaliers,0.506,0.492,0.258,99.2
1983,Houston Rockets,0.491,0.505,0.246,97.0
1984,Boston Celtics*,0.554,0.475,0.225,110.9
1984,Milwaukee Bucks*,0.541,0.459,0.266,107.8
1984,New York Knicks*,0.552,0.491,0.281,107.0
1984,Los Angeles Lakers*,0.574,0.487,0.232,110.9
1984,Portland Trail Blazers*,0.556,0.518,0.259,111.2
1984,Detroit Pistons*,0.532,0.5,0.263,111.5
1984,Philadelphia 76ers*,0.551,0.484,0.246,106.8
1984,New Jersey Nets*,0.54,0.494,0.292,106.1
1984,Utah Jazz*,0.559,0.479,0.229,109.0
1984,Phoenix Suns*,0.556,0.501,0.277,108.9
1984,Dallas Mavericks*,0.547,0.503,0.232,110.0
1984,Seattle SuperSonics*,0.543,0.492,0.226,107.9
1984,San Antonio Spurs,0.556,0.508,0.233,111.2
1984,Denver Nuggets*,0.553,0.522,0.277,111.3
1984,Atlanta Hawks*,0.529,0.482,0.268,105.5
1984,Kansas City Kings*,0.542,0.505,0.266,106.5
1984,Houston Rockets,0.535,0.486,0.285,105.3
1984,Washington Bullets*,0.535,0.492,0.239,104.2
1984,San Diego Clippers,0.541,0.513,0.236,109.2
1984,Golden State Warriors,0.52,0.519,0.25,105.5
1984,Cleveland Cavaliers,0.512,0.49,0.28,104.1
1984,Indiana Pacers,0.531,0.497,0.255,101.8
1984,Chicago Bulls,0.526,0.497,0.266,102.4
1985,Los Angeles Lakers*,0.589,0.485,0.22,114.1
1985,Milwaukee Bucks*,0.545,0.467,0.29,110.5
1985,Boston Celtics*,0.564,0.481,0.198,112.8
1985,Philadelphia 76ers*,0.561,0.494,0.259,111.3
1985,Portland Trail Blazers*,0.554,0.497,0.232,110.4
1985,Detroit Pistons*,0.529,0.501,0.245,109.6
1985,Denver Nuggets*,0.54,0.516,0.275,110.7
1985,Dallas Mavericks*,0.549,0.51,0.221,111.5
1985,Houston Rockets*,0.54,0.487,0.259,107.9
1985,San Antonio Spurs*,0.565,0.501,0.269,109.9
1985,New Jersey Nets*,0.532,0.505,0.263,107.9
1985,Utah Jazz*,0.534,0.469,0.238,103.3
1985,Washington Bullets*,0.524,0.491,0.226,104.3
1985,Chicago Bulls*,0.556,0.495,0.257,108.7
1985,Atlanta Hawks,0.536,0.485,0.249,105.9
1985,Phoenix Suns*,0.544,0.498,0.24,104.7
1985,Kansas City Kings,0.559,0.514,0.262,109.5
1985,Cleveland Cavaliers*,0.526,0.483,0.265,106.0
1985,Los Angeles Clippers,0.543,0.495,0.21,105.8
1985,New York Knicks,0.53,0.499,0.339,104.9
1985,Seattle SuperSonics,0.529,0.498,0.238,102.8
1985,Indiana Pacers,0.527,0.499,0.282,102.5
1985,Golden State Warriors,0.522,0.54,0.268,106.0
1986,Boston Celtics*,0.564,0.466,0.216,111.8
1986,Milwaukee Bucks*,0.552,0.473,0.281,111.4
1986,Los Angeles Lakers*,0.575,0.484,0.239,113.3
1986,Houston Rockets*,0.536,0.497,0.243,110.1
1986,Atlanta Hawks*,0.542,0.481,0.269,107.9
1986,Philadelphia 76ers*,0.546,0.499,0.211,108.6
1986,Denver Nuggets*,0.527,0.495,0.266,107.1
1986,Dallas Mavericks*,0.562,0.508,0.201,112.1
1986,Detroit Pistons*,0.534,0.496,0.266,109.0
1986,Portland Trail Blazers*,0.554,0.507,0.275,109.2
1986,Seattle SuperSonics,0.53,0.492,0.282,105.9
1986,Utah Jazz*,0.536,0.477,0.258,104.2
1986,San Antonio Spurs*,0.555,0.499,0.26,106.5
1986,Washington Bullets*,0.518,0.472,0.224,103.0
1986,New Jersey Nets*,0.536,0.499,0.282,105.0
1986,Cleveland Cavaliers,0.535,0.48,0.292,105.5
1986,Phoenix Suns,0.552,0.495,0.279,104.3
1986,Sacramento Kings*,0.541,0.499,0.273,106.2
1986,Indiana Pacers,0.525,0.479,0.277,102.6
1986,Golden State Warriors,0.536,0.524,0.241,108.3
1986,Chicago Bulls*,0.538,0.509,0.28,108.6
1986,New York Knicks,0.505,0.484,0.315,99.5
1986,Los Angeles Clippers,0.534,0.512,0.225,105.4
1987,Los Angeles Lakers*,0.577,0.476,0.23,115.6
1987,Atlanta Hawks*,0.543,0.46,0.284,112.6
1987,Boston Celtics*,0.577,0.471,0.217,113.5
1987,Dallas Mavericks*,0.558,0.486,0.233,114.9
1987,Milwaukee Bucks*,0.539,0.479,0.307,109.5
1987,Detroit Pistons*,0.544,0.471,0.267,109.2
1987,Portland Trail Blazers*,0.566,0.493,0.265,111.5
1987,Houston Rockets*,0.528,0.47,0.261,106.5
1987,Chicago Bulls*,0.528,0.491,0.251,108.6
1987,Utah Jazz*,0.516,0.466,0.269,104.1
1987,Seattle SuperSonics*,0.543,0.486,0.296,110.7
1987,Philadelphia 76ers*,0.549,0.499,0.215,108.3
1987,Indiana Pacers*,0.525,0.487,0.281,106.0
1987,Denver Nuggets*,0.527,0.503,0.307,109.3
1987,Washington Bullets*,0.511,0.48,0.222,105.7
1987,Golden State Warriors*,0.539,0.503,0.272,108.9
1987,Phoenix Suns,0.55,0.502,0.265,108.0
1987,Sacramento Kings,0.535,0.498,0.257,108.9
1987,Cleveland Cavaliers,0.519,0.484,0.224,102.6
1987,New Jersey Nets,0.54,0.488,0.33,105.6
1987,San Antonio Spurs,0.525,0.514,0.244,105.9
1987,New York Knicks,0.528,0.497,0.27,104.8
1987,Los Angeles Clippers,0.508,0.526,0.258,101.2
1988,Boston Celtics*,0.588,0.489,0.237,115.4
1988,Los Angeles Lakers*,0.566,0.484,0.206,113.1
1988,Detroit Pistons*,0.548,0.475,0.245,110.5
1988,Dallas Mavericks*,0.54,0.481,0.203,112.2
1988,Portland Trail Blazers*,0.55,0.485,0.275,111.8
1988,Denver Nuggets*,0.534,0.498,0.26,110.1
1988,Utah Jazz*,0.546,0.459,0.262,106.8
1988,Atlanta Hawks*,0.541,0.481,0.28,111.3
1988,Chicago Bulls*,0.539,0.478,0.24,109.0
1988,Seattle SuperSonics*,0.536,0.495,0.33,110.2
1988,Houston Rockets*,0.529,0.473,0.243,107.1
1988,Cleveland Cavaliers*,0.547,0.485,0.227,106.8
1988,Milwaukee Bucks*,0.536,0.483,0.259,108.2
1988,New York Knicks*,0.525,0.486,0.324,105.9
1988,Washington Bullets*,0.524,0.487,0.231,106.5
1988,Indiana Pacers,0.535,0.481,0.263,106.6
1988,Philadelphia 76ers,0.543,0.506,0.232,108.8
1988,Phoenix Suns,0.538,0.507,0.265,107.0
1988,San Antonio Spurs*,0.54,0.512,0.242,108.2
1988,Sacramento Kings,0.53,0.506,0.237,106.5
1988,New Jersey Nets,0.523,0.506,0.274,101.4
1988,Golden State Warriors,0.524,0.511,0.283,104.7
1988,Los Angeles Clippers,0.494,0.486,0.244,97.4
1989,Cleveland Cavaliers*,0.559,0.473,0.185,110.6
1989,Phoenix Suns*,0.56,0.476,0.225,113.1
1989,Los Angeles Lakers*,0.57,0.482,0.205,113.8
1989,Detroit Pistons*,0.551,0.458,0.26,110.8
1989,Utah Jazz*,0.55,0.447,0.246,106.6
1989,Atlanta Hawks*,0.54,0.482,0.256,112.2
1989,Milwaukee Bucks*,0.544,0.493,0.266,110.1
1989,New York Knicks*,0.553,0.504,0.249,111.1
1989,Seattle SuperSonics*,0.539,0.498,0.271,111.5
1989,Denver Nuggets*,0.528,0.505,0.264,108.6
1989,Philadelphia 76ers*,0.552,0.513,0.215,113.0
1989,Chicago Bulls*,0.553,0.487,0.239,109.1
1989,Portland Trail Blazers*,0.53,0.501,0.264,109.4
1989,Boston Celtics*,0.548,0.493,0.248,110.8
1989,Houston Rockets*,0.535,0.481,0.248,105.7
1989,Golden State Warriors*,0.529,0.479,0.24,107.4
1989,Dallas Mavericks,0.536,0.48,0.215,107.4
1989,Washington Bullets,0.516,0.493,0.267,106.4
1989,Indiana Pacers,0.552,0.478,0.275,106.8
1989,Sacramento Kings,0.523,0.496,0.235,104.5
1989,New Jersey Nets,0.517,0.508,0.244,103.0
1989,San Antonio Spurs,0.512,0.5,0.294,100.9
1989,Charlotte Hornets,0.514,0.508,0.287,103.7
1989,Los Angeles Clippers,0.518,0.497,0.237,100.8
1989,Miami Heat,0.498,0.499,0.292,97.8
1990,Los Angeles Lakers*,0.562,0.479,0.219,114.0
1990,Phoenix Suns*,0.565,0.478,0.209,113.1
1990,Detroit Pistons*,0.537,0.461,0.262,109.9
1990,Portland Trail Blazers*,0.535,0.479,0.265,110.5
1990,Philadelphia 76ers*,0.556,0.495,0.223,113.5
1990,Utah Jazz*,0.57,0.468,0.268,110.3
1990,Boston Celtics*,0.557,0.477,0.223,112.0
1990,San Antonio Spurs*,0.537,0.477,0.235,107.7
1990,Chicago Bulls*,0.559,0.508,0.262,112.3
1990,Houston Rockets*,0.531,0.475,0.228,104.8
1990,New York Knicks*,0.547,0.482,0.215,109.4
1990,Denver Nuggets*,0.523,0.501,0.264,108.0
1990,Seattle SuperSonics,0.535,0.499,0.297,110.9
1990,Atlanta Hawks,0.547,0.509,0.254,113.0
1990,Indiana Pacers*,0.572,0.494,0.25,111.5
1990,Dallas Mavericks*,0.536,0.481,0.232,107.2
1990,Cleveland Cavaliers*,0.529,0.49,0.202,106.9
1990,Milwaukee Bucks*,0.533,0.492,0.29,107.3
1990,Washington Bullets,0.519,0.484,0.249,107.5
1990,Golden State Warriors,0.563,0.494,0.253,109.6
1990,Los Angeles Clippers,0.536,0.489,0.241,104.0
1990,Minnesota Timberwolves,0.499,0.492,0.291,103.6
1990,Sacramento Kings,0.527,0.484,0.255,104.8
1990,New Jersey Nets,0.486,0.495,0.272,100.7
1990,Charlotte Hornets,0.511,0.506,0.269,102.0
1990,Orlando Magic,0.521,0.511,0.245,105.8
1990,Miami Heat,0.501,0.499,0.292,99.3
1991,Chicago Bulls*,0.56,0.488,0.226,114.6
1991,Portland Trail Blazers*,0.554,0.473,0.25,112.8
1991,Los Angeles Lakers*,0.551,0.474,0.176,112.1
1991,Phoenix Suns*,0.558,0.474,0.227,112.6
1991,Boston Celtics*,0.565,0.465,0.217,112.6
1991,San Antonio Spurs*,0.544,0.463,0.228,107.8
1991,Detroit Pistons*,0.523,0.464,0.248,108.2
1991,Utah Jazz*,0.559,0.473,0.23,108.6
1991,Houston Rockets*,0.53,0.469,0.22,107.4
1991,Milwaukee Bucks*,0.55,0.5,0.259,109.7
1991,Golden State Warriors*,0.559,0.497,0.289,111.9
1991,Seattle SuperSonics*,0.542,0.503,0.277,109.7
1991,Atlanta Hawks*,0.54,0.509,0.22,110.9
1991,New York Knicks*,0.544,0.489,0.205,107.1
1991,Philadelphia 76ers*,0.542,0.489,0.187,107.9
1991,Indiana Pacers*,0.566,0.503,0.254,111.7
1991,Cleveland Cavaliers,0.534,0.497,0.206,106.1
1991,Los Angeles Clippers,0.511,0.481,0.266,103.0
1991,Orlando Magic,0.521,0.493,0.26,105.9
1991,Minnesota Timberwolves,0.499,0.502,0.248,106.7
1991,New Jersey Nets,0.5,0.478,0.267,102.9
1991,Dallas Mavericks,0.528,0.495,0.245,105.5
1991,Washington Bullets,0.509,0.478,0.242,103.0
1991,Charlotte Hornets,0.526,0.504,0.272,105.0
1991,Miami Heat,0.512,0.491,0.286,102.0
1991,Sacramento Kings,0.512,0.481,0.306,102.0
1991,Denver Nuggets,0.498,0.524,0.299,105.2
1992,Chicago Bulls*,0.556,0.476,0.219,115.5
1992,Portland Trail Blazers*,0.541,0.471,0.251,111.4
1992,Utah Jazz*,0.557,0.475,0.214,112.2
1992,Phoenix Suns*,0.556,0.471,0.223,112.1
1992,Cleveland Cavaliers*,0.557,0.483,0.174,113.9
1992,New York Knicks*,0.531,0.471,0.248,108.3
1992,Boston Celtics*,0.544,0.469,0.22,110.8
1992,Golden State Warriors*,0.568,0.499,0.256,113.6
1992,San Antonio Spurs*,0.528,0.469,0.224,107.5
1992,Detroit Pistons*,0.52,0.468,0.204,107.5
1992,Seattle SuperSonics*,0.538,0.491,0.269,110.7
1992,Indiana Pacers*,0.566,0.483,0.27,111.7
1992,Los Angeles Clippers*,0.524,0.475,0.244,105.8
1992,Los Angeles Lakers*,0.516,0.493,0.187,107.7
1992,Philadelphia 76ers,0.539,0.496,0.192,108.3
1992,Atlanta Hawks,0.519,0.497,0.209,107.3
1992,New Jersey Nets*,0.51,0.488,0.247,107.0
1992,Houston Rockets,0.537,0.477,0.209,106.2
1992,Milwaukee Bucks,0.529,0.514,0.237,108.8
1992,Charlotte Hornets,0.527,0.51,0.222,107.1
1992,Miami Heat*,0.532,0.508,0.235,106.7
1992,Washington Bullets,0.514,0.493,0.235,103.9
1992,Sacramento Kings,0.525,0.493,0.233,103.9
1992,Orlando Magic,0.514,0.502,0.26,103.5
1992,Minnesota Timberwolves,0.505,0.497,0.244,105.0
1992,Denver Nuggets,0.493,0.494,0.279,100.7
1992,Dallas Mavericks,0.501,0.483,0.259,103.0
1993,Seattle SuperSonics*,0.546,0.489,0.26,112.3
1993,Chicago Bulls*,0.535,0.493,0.239,112.9
1993,Cleveland Cavaliers*,0.565,0.482,0.185,112.7
1993,Phoenix Suns*,0.566,0.496,0.206,113.3
1993,New York Knicks*,0.526,0.444,0.294,106.1
1993,Houston Rockets*,0.557,0.474,0.201,109.6
1993,Portland Trail Blazers*,0.526,0.488,0.237,108.3
1993,San Antonio Spurs*,0.555,0.477,0.221,109.6
1993,Utah Jazz*,0.55,0.487,0.25,109.6
1993,Indiana Pacers*,0.547,0.485,0.281,111.9
1993,Orlando Magic,0.554,0.473,0.232,108.5
1993,New Jersey Nets*,0.522,0.48,0.24,106.5
1993,Boston Celtics*,0.536,0.479,0.251,108.7
1993,Los Angeles Clippers*,0.53,0.489,0.263,107.4
1993,Charlotte Hornets*,0.547,0.487,0.201,109.5
1993,Atlanta Hawks*,0.534,0.516,0.224,109.3
1993,Golden State Warriors,0.543,0.501,0.261,109.2
1993,Miami Heat,0.535,0.495,0.274,107.7
1993,Los Angeles Lakers*,0.534,0.5,0.215,107.6
1993,Detroit Pistons,0.511,0.5,0.212,107.4
1993,Denver Nuggets,0.518,0.476,0.263,104.6
1993,Sacramento Kings,0.53,0.502,0.292,106.5
1993,Milwaukee Bucks,0.535,0.502,0.266,106.2
1993,Philadelphia 76ers,0.53,0.504,0.188,104.6
1993,Washington Bullets,0.523,0.51,0.219,103.6
1993,Minnesota Timberwolves,0.535,0.503,0.269,103.6
1993,Dallas Mavericks,0.495,0.519,0.347,99.5
1994,Seattle SuperSonics*,0.547,0.479,0.272,111.1
1994,New York Knicks*,0.527,0.451,0.261,105.7
1994,San Antonio Spurs*,0.537,0.467,0.196,110.4
1994,Atlanta Hawks*,0.523,0.475,0.185,107.2
1994,Phoenix Suns*,0.548,0.493,0.202,111.7
1994,Utah Jazz*,0.537,0.469,0.267,108.6
1994,Houston Rockets*,0.545,0.458,0.192,105.9
1994,Cleveland Cavaliers*,0.537,0.484,0.215,109.4
1994,Orlando Magic*,0.547,0.479,0.214,110.8
1994,Indiana Pacers*,0.547,0.471,0.267,107.8
1994,Chicago Bulls*,0.526,0.482,0.225,106.1
1994,Miami Heat*,0.538,0.479,0.284,109.5
1994,Portland Trail Blazers*,0.518,0.49,0.235,108.1
1994,New Jersey Nets*,0.515,0.475,0.212,107.2
1994,Golden State Warriors*,0.542,0.488,0.21,108.3
1994,Denver Nuggets*,0.524,0.453,0.252,103.9
1994,Charlotte Hornets,0.543,0.492,0.205,108.4
1994,Boston Celtics,0.521,0.494,0.238,104.2
1994,Los Angeles Lakers,0.503,0.492,0.24,104.8
1994,Los Angeles Clippers,0.521,0.494,0.213,102.9
1994,Sacramento Kings,0.516,0.499,0.252,103.3
1994,Milwaukee Bucks,0.512,0.513,0.254,102.5
1994,Minnesota Timberwolves,0.525,0.488,0.259,101.9
1994,Washington Bullets,0.529,0.526,0.206,104.5
1994,Philadelphia 76ers,0.518,0.502,0.177,101.7
1994,Detroit Pistons,0.511,0.493,0.262,102.7
1994,Dallas Mavericks,0.492,0.513,0.283,100.4
1995,Utah Jazz*,0.587,0.496,0.292,114.3
1995,Seattle SuperSonics*,0.575,0.492,0.278,114.8
1995,Orlando Magic*,0.569,0.49,0.22,115.1
1995,San Antonio Spurs*,0.562,0.485,0.214,111.7
1995,Chicago Bulls*,0.546,0.488,0.263,109.5
1995,Phoenix Suns*,0.567,0.515,0.228,114.5
1995,Portland Trail Blazers*,0.521,0.491,0.277,109.7
1995,Indiana Pacers*,0.557,0.493,0.237,109.6
1995,Charlotte Hornets*,0.562,0.485,0.202,109.6
1995,New York Knicks*,0.55,0.468,0.281,107.2
1995,Houston Rockets*,0.568,0.489,0.199,109.7
1995,Atlanta Hawks*,0.525,0.495,0.215,106.6
1995,Denver Nuggets*,0.556,0.487,0.257,109.1
1995,Cleveland Cavaliers*,0.52,0.493,0.224,105.3
1995,Los Angeles Lakers*,0.539,0.5,0.224,109.1
1995,Sacramento Kings,0.538,0.481,0.28,105.5
1995,Miami Heat,0.54,0.51,0.264,108.2
1995,Boston Celtics*,0.537,0.512,0.235,108.6
1995,Dallas Mavericks,0.509,0.519,0.208,107.6
1995,New Jersey Nets,0.519,0.493,0.217,105.2
1995,Milwaukee Bucks,0.537,0.53,0.23,106.2
1995,Golden State Warriors,0.547,0.522,0.216,106.7
1995,Philadelphia 76ers,0.521,0.5,0.235,104.1
1995,Washington Bullets,0.529,0.512,0.262,105.4
1995,Detroit Pistons,0.538,0.51,0.299,105.1
1995,Los Angeles Clippers,0.508,0.526,0.29,101.5
1995,Minnesota Timberwolves,0.532,0.51,0.28,102.6
1996,Chicago Bulls*,0.555,0.482,0.222,115.2
1996,Seattle SuperSonics*,0.574,0.479,0.252,110.3
1996,Utah Jazz*,0.566,0.489,0.295,113.3
1996,San Antonio Spurs*,0.558,0.472,0.216,110.2
1996,Orlando Magic*,0.562,0.491,0.223,112.9
1996,Los Angeles Lakers*,0.555,0.491,0.205,111.4
1996,Indiana Pacers*,0.56,0.491,0.271,110.8
1996,Cleveland Cavaliers*,0.551,0.506,0.242,109.9
1996,Detroit Pistons*,0.551,0.483,0.229,107.9
1996,Portland Trail Blazers*,0.528,0.478,0.236,106.0
1996,New York Knicks*,0.55,0.476,0.251,106.0
1996,Houston Rockets*,0.555,0.495,0.206,109.3
1996,Miami Heat*,0.541,0.469,0.298,105.3
1996,Atlanta Hawks*,0.534,0.512,0.217,109.4
1996,Washington Bullets,0.558,0.489,0.274,108.7
1996,Phoenix Suns*,0.551,0.511,0.225,110.3
1996,Charlotte Hornets,0.558,0.529,0.217,111.2
1996,Golden State Warriors,0.539,0.51,0.232,108.4
1996,Denver Nuggets,0.526,0.492,0.237,105.2
1996,Sacramento Kings*,0.54,0.498,0.302,106.2
1996,Boston Celtics,0.534,0.511,0.258,106.4
1996,Los Angeles Clippers,0.544,0.512,0.282,106.5
1996,New Jersey Nets,0.497,0.495,0.223,101.9
1996,Dallas Mavericks,0.507,0.526,0.222,106.1
1996,Minnesota Timberwolves,0.535,0.509,0.267,104.1
1996,Milwaukee Bucks,0.534,0.52,0.248,105.6
1996,Toronto Raptors,0.536,0.514,0.272,103.8
1996,Philadelphia 76ers,0.522,0.522,0.217,102.2
1996,Vancouver Grizzlies,0.5,0.51,0.241,97.6
1997,Chicago Bulls*,0.547,0.471,0.196,114.4
1997,Utah Jazz*,0.581,0.48,0.29,113.6
1997,Seattle SuperSonics*,0.557,0.49,0.242,111.2
1997,Atlanta Hawks*,0.542,0.472,0.191,108.5
1997,Miami Heat*,0.546,0.465,0.248,106.8
1997,Detroit Pistons*,0.554,0.487,0.197,110.6
1997,Houston Rockets*,0.56,0.481,0.19,108.8
1997,Los Angeles Lakers*,0.535,0.478,0.231,108.3
1997,Portland Trail Blazers*,0.544,0.471,0.268,107.9
1997,New York Knicks*,0.546,0.463,0.279,104.4
1997,Cleveland Cavaliers,0.531,0.482,0.281,104.6
1997,Charlotte Hornets*,0.562,0.496,0.204,110.9
1997,Washington Bullets*,0.54,0.491,0.226,106.6
1997,Indiana Pacers,0.537,0.48,0.258,105.8
1997,Phoenix Suns*,0.552,0.507,0.215,109.3
1997,Orlando Magic*,0.524,0.495,0.211,105.6
1997,Minnesota Timberwolves*,0.533,0.486,0.252,105.5
1997,Milwaukee Bucks,0.541,0.501,0.253,106.2
1997,Los Angeles Clippers*,0.524,0.499,0.269,105.1
1997,Toronto Raptors,0.521,0.504,0.258,104.6
1997,Sacramento Kings,0.526,0.495,0.264,105.0
1997,New Jersey Nets,0.499,0.503,0.244,104.7
1997,Golden State Warriors,0.543,0.518,0.234,107.2
1997,Denver Nuggets,0.53,0.501,0.206,104.5
1997,Philadelphia 76ers,0.518,0.51,0.222,104.6
1997,Dallas Mavericks,0.509,0.5,0.229,101.1
1997,Boston Celtics,0.52,0.539,0.243,103.9
1997,San Antonio Spurs,0.512,0.514,0.236,103.3
1997,Vancouver Grizzlies,0.507,0.51,0.224,100.3
1998,Los Angeles Lakers*,0.559,0.467,0.245,111.9
1998,Seattle SuperSonics*,0.558,0.478,0.223,111.6
1998,Chicago Bulls*,0.516,0.457,0.22,107.7
1998,Utah Jazz*,0.569,0.471,0.271,112.7
1998,Indiana Pacers*,0.55,0.453,0.236,108.4
1998,Phoenix Suns*,0.54,0.471,0.227,107.4
1998,Miami Heat*,0.538,0.452,0.257,107.6
1998,San Antonio Spurs*,0.531,0.437,0.218,103.8
1998,Atlanta Hawks*,0.533,0.468,0.194,108.2
1998,Cleveland Cavaliers*,0.529,0.46,0.264,102.1
1998,New York Knicks*,0.521,0.455,0.282,103.0
1998,Charlotte Hornets*,0.542,0.493,0.224,107.5
1998,Detroit Pistons,0.523,0.474,0.243,105.3
1998,New Jersey Nets*,0.513,0.499,0.258,108.3
1998,Portland Trail Blazers*,0.524,0.46,0.249,104.0
1998,Washington Wizards,0.513,0.481,0.248,105.2
1998,Minnesota Timberwolves*,0.529,0.48,0.24,107.8
1998,Houston Rockets*,0.544,0.499,0.208,107.7
1998,Orlando Magic,0.499,0.478,0.202,102.6
1998,Milwaukee Bucks,0.527,0.485,0.282,103.5
1998,Philadelphia 76ers,0.514,0.481,0.256,102.8
1998,Boston Celtics,0.504,0.504,0.343,102.5
1998,Sacramento Kings,0.502,0.482,0.23,100.8
1998,Dallas Mavericks,0.498,0.488,0.195,100.5
1998,Los Angeles Clippers,0.518,0.498,0.243,103.3
1998,Vancouver Grizzlies,0.527,0.507,0.24,104.1
1998,Toronto Raptors,0.504,0.508,0.235,101.2
1998,Golden State Warriors,0.468,0.469,0.247,95.8
1998,Denver Nuggets,0.496,0.506,0.285,99.0
1999,San Antonio Spurs*,0.523,0.423,0.198,104.0
1999,Utah Jazz*,0.545,0.441,0.242,105.8
1999,Portland Trail Blazers*,0.521,0.445,0.233,104.8
1999,Miami Heat*,0.54,0.439,0.226,104.7
1999,Indiana Pacers*,0.537,0.46,0.236,108.7
1999,Detroit Pistons*,0.528,0.468,0.259,104.2
1999,Atlanta Hawks*,0.492,0.437,0.202,100.5
1999,Los Angeles Lakers*,0.538,0.468,0.267,107.6
1999,Orlando Magic*,0.498,0.473,0.181,100.3
1999,Houston Rockets*,0.545,0.461,0.188,105.4
1999,Phoenix Suns*,0.526,0.485,0.216,105.8
1999,Philadelphia 76ers*,0.494,0.454,0.249,99.9
1999,Milwaukee Bucks*,0.53,0.463,0.275,104.9
1999,New York Knicks*,0.509,0.434,0.258,98.6
1999,Minnesota Timberwolves*,0.481,0.467,0.276,101.9
1999,Charlotte Hornets,0.537,0.461,0.24,102.3
1999,Sacramento Kings*,0.514,0.471,0.176,102.7
1999,Seattle SuperSonics,0.519,0.489,0.213,105.0
1999,Toronto Raptors,0.504,0.473,0.258,102.0
1999,Boston Celtics,0.501,0.465,0.287,100.4
1999,Cleveland Cavaliers,0.52,0.468,0.267,99.6
1999,Washington Wizards,0.507,0.474,0.273,101.2
1999,Dallas Mavericks,0.502,0.476,0.212,102.3
1999,Golden State Warriors,0.471,0.445,0.29,98.4
1999,New Jersey Nets,0.485,0.481,0.238,99.5
1999,Denver Nuggets,0.511,0.499,0.248,103.1
1999,Vancouver Grizzlies,0.498,0.492,0.261,98.4
1999,Los Angeles Clippers,0.497,0.503,0.279,100.0
1999,Chicago Bulls,0.47,0.483,0.241,92.4
2000,Los Angeles Lakers*,0.525,0.443,0.222,107.3
2000,Portland Trail Blazers*,0.546,0.461,0.217,107.9
2000,San Antonio Spurs*,0.535,0.451,0.188,105.0
2000,Phoenix Suns*,0.532,0.454,0.245,104.6
2000,Utah Jazz*,0.54,0.477,0.256,107.3
2000,Indiana Pacers*,0.552,0.469,0.197,108.5
2000,Miami Heat*,0.533,0.453,0.229,104.5
2000,Sacramento Kings*,0.526,0.479,0.198,105.0
2000,Charlotte Hornets*,0.53,0.478,0.198,104.3
2000,Minnesota Timberwolves*,0.525,0.474,0.25,106.1
2000,New York Knicks*,0.527,0.455,0.251,102.5
2000,Detroit Pistons*,0.548,0.499,0.249,107.3
2000,Philadelphia 76ers*,0.501,0.466,0.229,101.5
2000,Seattle SuperSonics*,0.52,0.483,0.193,105.6
2000,Orlando Magic,0.516,0.476,0.226,102.4
2000,Milwaukee Bucks*,0.539,0.496,0.254,108.2
2000,Toronto Raptors*,0.511,0.48,0.247,104.7
2000,Dallas Mavericks,0.532,0.488,0.21,106.6
2000,Boston Celtics,0.52,0.498,0.306,104.8
2000,Houston Rockets,0.536,0.481,0.201,104.8
2000,New Jersey Nets,0.517,0.491,0.223,105.1
2000,Denver Nuggets,0.517,0.479,0.235,103.5
2000,Washington Wizards,0.521,0.489,0.273,103.5
2000,Cleveland Cavaliers,0.516,0.474,0.275,100.4
2000,Atlanta Hawks,0.503,0.481,0.196,102.0
2000,Vancouver Grizzlies,0.524,0.502,0.231,102.3
2000,Golden State Warriors,0.484,0.499,0.259,99.8
2000,Chicago Bulls,0.49,0.484,0.24,94.2
2000,Los Angeles Clippers,0.499,0.507,0.22,97.8
2001,San Antonio Spurs*,0.541,0.444,0.182,106.6
2001,Sacramento Kings*,0.529,0.46,0.181,105.6
2001,Utah Jazz*,0.546,0.473,0.301,107.6
2001,Philadelphia 76ers*,0.518,0.46,0.186,103.6
2001,Portland Trail Blazers*,0.539,0.47,0.223,106.5
2001,Dallas Mavericks*,0.544,0.467,0.244,107.1
2001,Milwaukee Bucks*,0.542,0.473,0.253,108.8
2001,Los Angeles Lakers*,0.535,0.468,0.234,108.4
2001,New York Knicks*,0.523,0.453,0.24,101.2
2001,Miami Heat*,0.515,0.46,0.214,101.1
2001,Toronto Raptors*,0.51,0.476,0.212,105.9
2001,Houston Rockets,0.538,0.475,0.206,106.7
2001,Charlotte Hornets*,0.506,0.456,0.222,101.8
2001,Phoenix Suns*,0.506,0.46,0.252,100.3
2001,Minnesota Timberwolves*,0.523,0.478,0.238,105.2
2001,Orlando Magic*,0.513,0.464,0.29,103.2
2001,Seattle SuperSonics,0.53,0.488,0.199,105.6
2001,Indiana Pacers*,0.519,0.452,0.235,102.0
2001,Detroit Pistons,0.498,0.466,0.233,100.0
2001,Boston Celtics,0.521,0.493,0.256,101.4
2001,Denver Nuggets,0.511,0.476,0.223,103.7
2001,Los Angeles Clippers,0.514,0.466,0.217,101.3
2001,Cleveland Cavaliers,0.509,0.477,0.248,100.3
2001,New Jersey Nets,0.504,0.488,0.258,100.0
2001,Atlanta Hawks,0.5,0.472,0.249,98.7
2001,Vancouver Grizzlies,0.51,0.491,0.194,99.6
2001,Washington Wizards,0.514,0.503,0.236,100.6
2001,Golden State Warriors,0.47,0.504,0.227,97.8
2001,Chicago Bulls,0.495,0.499,0.254,97.2
2002,Sacramento Kings*,0.539,0.467,0.185,109.0
2002,Los Angeles Lakers*,0.534,0.453,0.233,109.4
2002,San Antonio Spurs*,0.539,0.453,0.189,106.5
2002,New Jersey Nets*,0.515,0.459,0.213,104.0
2002,Dallas Mavericks*,0.553,0.485,0.239,112.2
2002,Minnesota Timberwolves*,0.532,0.482,0.218,109.0
2002,Portland Trail Blazers*,0.528,0.489,0.202,107.4
2002,Seattle SuperSonics*,0.54,0.485,0.206,108.9
2002,Boston Celtics*,0.52,0.464,0.245,103.4
2002,Detroit Pistons*,0.54,0.474,0.206,104.8
2002,Philadelphia 76ers*,0.507,0.46,0.208,102.1
2002,Orlando Magic*,0.533,0.486,0.215,107.0
2002,Utah Jazz*,0.529,0.484,0.286,105.6
2002,Charlotte Hornets*,0.513,0.465,0.226,104.3
2002,Indiana Pacers*,0.527,0.469,0.227,104.1
2002,Milwaukee Bucks,0.544,0.477,0.217,106.9
2002,Los Angeles Clippers,0.519,0.477,0.194,105.5
2002,Toronto Raptors*,0.501,0.471,0.237,102.6
2002,Phoenix Suns,0.51,0.476,0.227,103.3
2002,Washington Wizards,0.508,0.484,0.214,104.8
2002,Miami Heat,0.501,0.455,0.249,98.5
2002,Cleveland Cavaliers,0.524,0.493,0.226,104.6
2002,New York Knicks,0.514,0.479,0.236,101.5
2002,Atlanta Hawks,0.517,0.495,0.218,101.8
2002,Houston Rockets,0.507,0.491,0.178,103.1
2002,Golden State Warriors,0.499,0.488,0.232,102.8
2002,Denver Nuggets,0.495,0.492,0.245,101.4
2002,Memphis Grizzlies,0.501,0.486,0.197,98.2
2002,Chicago Bulls,0.499,0.497,0.239,98.2
2003,Dallas Mavericks*,0.543,0.473,0.221,110.7
2003,Sacramento Kings*,0.535,0.446,0.204,105.9
2003,San Antonio Spurs*,0.541,0.453,0.199,105.6
2003,New Jersey Nets*,0.518,0.46,0.225,103.8
2003,Detroit Pistons*,0.523,0.461,0.225,104.1
2003,Indiana Pacers*,0.522,0.458,0.228,104.6
2003,Portland Trail Blazers*,0.531,0.483,0.194,105.5
2003,Utah Jazz*,0.537,0.468,0.256,105.5
2003,Los Angeles Lakers*,0.528,0.477,0.241,107.2
2003,Philadelphia 76ers*,0.52,0.488,0.243,105.0
2003,Minnesota Timberwolves*,0.528,0.472,0.203,106.1
2003,New Orleans Hornets*,0.511,0.464,0.226,103.9
2003,Houston Rockets,0.522,0.462,0.209,104.3
2003,Phoenix Suns*,0.514,0.47,0.222,103.7
2003,Orlando Magic*,0.526,0.486,0.25,105.2
2003,Milwaukee Bucks*,0.543,0.494,0.237,108.8
2003,Seattle SuperSonics,0.512,0.484,0.21,103.7
2003,Boston Celtics*,0.514,0.471,0.242,101.2
2003,Washington Wizards,0.513,0.477,0.212,103.0
2003,Golden State Warriors,0.526,0.482,0.22,108.3
2003,New York Knicks,0.528,0.485,0.261,104.7
2003,Memphis Grizzlies,0.526,0.491,0.197,103.9
2003,Atlanta Hawks,0.527,0.469,0.221,102.3
2003,Los Angeles Clippers,0.516,0.481,0.222,102.3
2003,Chicago Bulls,0.512,0.47,0.263,100.2
2003,Miami Heat,0.483,0.47,0.257,96.7
2003,Toronto Raptors,0.497,0.489,0.226,100.5
2003,Denver Nuggets,0.469,0.477,0.29,92.2
2003,Cleveland Cavaliers,0.491,0.484,0.252,96.5
2004,San Antonio Spurs*,0.511,0.433,0.215,102.2
2004,Detroit Pistons*,0.511,0.441,0.202,102.0
2004,Indiana Pacers*,0.52,0.459,0.218,103.8
2004,Minnesota Timberwolves*,0.528,0.444,0.215,105.9
2004,Sacramento Kings*,0.554,0.483,0.193,110.3
2004,Dallas Mavericks*,0.536,0.498,0.214,112.1
2004,Los Angeles Lakers*,0.522,0.471,0.222,105.5
2004,New Jersey Nets*,0.515,0.46,0.221,100.8
2004,Memphis Grizzlies*,0.522,0.465,0.251,104.8
2004,Houston Rockets*,0.528,0.447,0.233,100.9
2004,Denver Nuggets*,0.517,0.481,0.221,103.9
2004,Milwaukee Bucks*,0.528,0.485,0.213,106.5
2004,Miami Heat*,0.51,0.463,0.26,102.2
2004,New Orleans Hornets*,0.505,0.476,0.218,102.3
2004,Seattle SuperSonics,0.54,0.487,0.237,107.3
2004,Golden State Warriors,0.517,0.476,0.211,103.0
2004,Portland Trail Blazers,0.515,0.482,0.186,103.7
2004,Utah Jazz,0.509,0.468,0.319,101.9
2004,Boston Celtics*,0.532,0.479,0.24,102.1
2004,New York Knicks*,0.518,0.461,0.259,101.7
2004,Philadelphia 76ers,0.505,0.467,0.231,99.1
2004,Cleveland Cavaliers,0.498,0.469,0.221,101.4
2004,Toronto Raptors,0.495,0.449,0.241,97.0
2004,Phoenix Suns,0.515,0.482,0.24,101.4
2004,Los Angeles Clippers,0.512,0.494,0.231,103.5
2004,Atlanta Hawks,0.514,0.476,0.234,101.0
2004,Washington Wizards,0.5,0.486,0.214,98.8
2004,Chicago Bulls,0.486,0.469,0.253,96.6
2004,Orlando Magic,0.504,0.502,0.214,102.7
2005,San Antonio Spurs*,.534,.452,.236,107.5
2005,Phoenix Suns*,.571,.478,.176,114.5
2005,Miami Heat*,.559,.460,.242,110.2
2005,Dallas Mavericks*,.545,.472,.239,110.3
2005,Houston Rockets*,.534,.459,.245,106.2
2005,Detroit Pistons*,.519,.461,.207,105.6
2005,Seattle SuperSonics*,.546,.496,.249,112.2
2005,Memphis Grizzlies*,.535,.466,.270,105.5
2005,Sacramento Kings*,.541,.493,.214,110.5
2005,Denver Nuggets*,.535,.482,.247,106.0
2005,Minnesota Timberwolves,.534,.472,.208,108.2
2005,Chicago Bulls*,.517,.454,.262,101.4
2005,Boston Celtics*,.551,.481,.274,107.5
2005,Cleveland Cavaliers,.518,.485,.248,106.6
2005,Indiana Pacers*,.534,.472,.261,105.5
2005,Team,TS%,eFG%,FT/FGA,ORtg
2005,Washington Wizards*,.523,.498,.230,107.2
2005,Philadelphia 76ers*,.528,.485,.267,103.5
2005,Los Angeles Clippers,.533,.480,.235,105.5
2005,New Jersey Nets*,.512,.479,.278,101.4
2005,Toronto Raptors,.539,.499,.240,106.9
2005,Golden State Warriors,.512,.491,.227,104.7
2005,Orlando Magic,.529,.484,.255,104.9
2005,New York Knicks,.531,.501,.265,106.2
2005,Milwaukee Bucks,.527,.499,.233,106.6
2005,Los Angeles Lakers,.535,.493,.218,108.1
2005,Portland Trail Blazers,.524,.479,.204,103.2
2005,Utah Jazz,.522,.499,.340,104.7
2005,Charlotte Bobcats,.497,.497,.269,101.1
2005,New Orleans Hornets,.493,.491,.261,99.7
2005,Atlanta Hawks,.504,.513,.289,100.6
2006,San Antonio Spurs*,.546,.457,.220,107.3
2006,Detroit Pistons*,.535,.477,.191,110.8
2006,Dallas Mavericks*,.550,.475,.257,111.8
2006,Phoenix Suns*,.568,.490,.200,111.5
2006,Memphis Grizzlies*,.537,.469,.237,105.9
2006,Miami Heat*,.556,.477,.251,108.7
2006,Los Angeles Lakers*,.539,.486,.242,108.4
2006,Cleveland Cavaliers*,.538,.490,.226,107.8
2006,Indiana Pacers*,.533,.464,.232,104.5
2006,Washington Wizards*,.538,.504,.256,109.3
2006,Sacramento Kings*,.544,.488,.210,106.7
2006,Los Angeles Clippers*,.540,.471,.240,105.3
2006,New Jersey Nets*,.528,.476,.266,103.9
2006,Chicago Bulls*,.527,.464,.295,104.0
2006,Denver Nuggets*,.535,.493,.227,105.5
2006,Team,TS%,eFG%,FT/FGA,ORtg
2006,Milwaukee Bucks*,.535,.504,.262,106.3
2006,Orlando Magic,.543,.490,.264,106.3
2006,Golden State Warriors,.521,.492,.243,104.8
2006,Houston Rockets,.519,.472,.247,101.6
2006,Boston Celtics,.551,.490,.282,105.2
2006,Minnesota Timberwolves,.524,.475,.236,102.4
2006,Philadelphia 76ers,.538,.500,.240,106.0
2006,Utah Jazz,.519,.490,.303,104.1
2006,New Orleans/Oklahoma City Hornets,.515,.502,.243,103.7
2006,Toronto Raptors,.548,.530,.263,109.5
2006,Seattle SuperSonics,.551,.527,.260,111.1
2006,Charlotte Bobcats,.509,.514,.263,102.5
2006,Atlanta Hawks,.534,.513,.275,106.4
2006,New York Knicks,.534,.511,.294,104.0
2006,Portland Trail Blazers,.511,.507,.231,101.1
2007,San Antonio Spurs*,.561,.471,.201,109.2
2007,Dallas Mavericks*,.559,.477,.265,111.3
2007,Phoenix Suns*,.590,.492,.206,113.9
2007,Chicago Bulls*,.534,.473,.252,104.9
2007,Houston Rockets*,.540,.466,.230,106.0
2007,Detroit Pistons*,.535,.477,.234,108.9
2007,Cleveland Cavaliers*,.522,.480,.243,105.5
2007,Utah Jazz*,.551,.496,.314,110.1
2007,Denver Nuggets*,.548,.499,.203,107.6
2007,Toronto Raptors*,.550,.503,.219,107.0
2007,Orlando Magic*,.544,.480,.286,104.9
2007,Los Angeles Lakers*,.554,.500,.262,108.6
2007,Golden State Warriors*,.548,.506,.264,107.0
2007,Washington Wizards*,.542,.517,.249,110.1
2007,Los Angeles Clippers,.537,.488,.249,105.1
2007,Team,TS%,eFG%,FT/FGA,ORtg
2007,New Jersey Nets*,.546,.490,.266,105.7
2007,Miami Heat*,.541,.485,.232,104.3
2007,New Orleans/Oklahoma City Hornets,.520,.499,.212,104.8
2007,Sacramento Kings,.545,.513,.240,106.2
2007,Indiana Pacers,.523,.491,.271,102.9
2007,Seattle SuperSonics,.544,.515,.243,107.2
2007,New York Knicks,.539,.504,.246,105.7
2007,Philadelphia 76ers,.530,.501,.221,103.6
2007,Boston Celtics,.530,.502,.280,103.2
2007,Minnesota Timberwolves,.537,.498,.226,103.9
2007,Charlotte Bobcats,.524,.500,.279,103.6
2007,Milwaukee Bucks,.541,.522,.234,107.0
2007,Portland Trail Blazers,.530,.508,.267,105.1
2007,Atlanta Hawks,.523,.503,.268,103.0
2007,Memphis Grizzlies,.555,.529,.237,106.9
2008,Boston Celtics*,.569,.457,.253,110.2
2008,Detroit Pistons*,.539,.470,.244,111.4
2008,Los Angeles Lakers*,.570,.485,.214,113.0
2008,Utah Jazz*,.573,.501,.294,113.8
2008,Orlando Magic*,.575,.484,.217,111.3
2008,New Orleans Hornets*,.548,.501,.184,111.5
2008,San Antonio Spurs*,.543,.477,.201,107.2
2008,Houston Rockets*,.528,.465,.214,106.8
2008,Phoenix Suns*,.590,.488,.191,113.3
2008,Dallas Mavericks*,.554,.474,.252,111.1
2008,Denver Nuggets*,.557,.499,.203,110.0
2008,Toronto Raptors*,.551,.505,.205,110.2
2008,Golden State Warriors,.548,.509,.258,111.8
2008,Philadelphia 76ers*,.522,.504,.205,106.4
2008,Washington Wizards*,.535,.513,.217,109.2
2008,Team,TS%,eFG%,FT/FGA,ORtg
2008,Cleveland Cavaliers*,.520,.494,.240,106.0
2008,Portland Trail Blazers,.532,.491,.212,107.3
2008,Indiana Pacers,.540,.498,.271,106.0
2008,Atlanta Hawks*,.535,.501,.217,106.9
2008,Sacramento Kings,.556,.510,.256,107.5
2008,Chicago Bulls,.515,.496,.258,103.9
2008,Charlotte Bobcats,.532,.505,.235,104.6
2008,New Jersey Nets,.528,.497,.271,104.0
2008,Memphis Grizzlies,.539,.521,.196,105.0
2008,New York Knicks,.518,.518,.229,104.7
2008,Minnesota Timberwolves,.518,.513,.269,103.8
2008,Milwaukee Bucks,.522,.524,.250,105.3
2008,Los Angeles Clippers,.519,.503,.236,101.2
2008,Seattle SuperSonics,.509,.503,.215,100.5
2008,Miami Heat,.522,.510,.245,100.5
2009,Cleveland Cavaliers*,.560,.468,.226,112.4
2009,Boston Celtics*,.571,.470,.253,110.5
2009,Los Angeles Lakers*,.555,.490,.213,112.8
2009,Orlando Magic*,.559,.465,.209,109.2
2009,Portland Trail Blazers*,.553,.499,.227,113.9
2009,Houston Rockets*,.548,.479,.192,108.4
2009,San Antonio Spurs*,.548,.487,.191,108.5
2009,Denver Nuggets*,.563,.485,.259,110.4
2009,Utah Jazz*,.554,.505,.262,110.1
2009,Dallas Mavericks*,.550,.493,.225,110.5
2009,Phoenix Suns,.584,.511,.233,113.6
2009,Atlanta Hawks*,.546,.494,.210,109.3
2009,New Orleans Hornets*,.548,.496,.230,108.7
2009,Miami Heat*,.540,.501,.251,107.8
2009,Philadelphia 76ers*,.532,.507,.216,107.9
2009,Team,TS%,eFG%,FT/FGA,ORtg
2009,Chicago Bulls*,.541,.493,.238,108.4
2009,Detroit Pistons*,.524,.485,.248,107.4
2009,Indiana Pacers,.545,.499,.271,108.1
2009,Milwaukee Bucks,.531,.503,.315,106.7
2009,Charlotte Bobcats,.536,.498,.229,104.7
2009,New York Knicks,.544,.520,.215,108.1
2009,New Jersey Nets,.543,.509,.272,108.3
2009,Toronto Raptors,.542,.511,.202,107.0
2009,Golden State Warriors,.549,.508,.251,109.5
2009,Minnesota Timberwolves,.526,.515,.254,106.1
2009,Memphis Grizzlies,.533,.515,.247,103.5
2009,Oklahoma City Thunder,.521,.514,.216,102.9
2009,Washington Wizards,.524,.533,.227,105.4
2009,Sacramento Kings,.542,.526,.269,105.5
2009,Los Angeles Clippers,.520,.512,.227,102.3
2010,Orlando Magic*,.573,.477,.205,111.4
2010,Cleveland Cavaliers*,.570,.482,.218,111.2
2010,Utah Jazz*,.565,.492,.269,110.7
2010,San Antonio Spurs*,.552,.483,.214,110.0
2010,Atlanta Hawks*,.545,.496,.208,111.9
2010,Phoenix Suns*,.585,.491,.224,115.3
2010,Los Angeles Lakers*,.538,.484,.195,108.8
2010,Denver Nuggets*,.561,.495,.251,111.8
2010,Boston Celtics*,.564,.487,.251,107.7
2010,Portland Trail Blazers*,.547,.502,.219,110.8
2010,Oklahoma City Thunder*,.547,.483,.229,108.3
2010,Dallas Mavericks*,.552,.495,.206,109.2
2010,Miami Heat*,.537,.480,.246,106.6
2010,Milwaukee Bucks*,.518,.486,.266,104.9
2010,Charlotte Bobcats*,.538,.491,.194,104.4
2010,Team,TS%,eFG%,FT/FGA,ORtg
2010,Houston Rockets,.537,.511,.215,107.6
2010,Memphis Grizzlies,.536,.520,.205,108.3
2010,Chicago Bulls*,.520,.484,.212,103.5
2010,Toronto Raptors,.564,.513,.247,111.3
2010,New Orleans Hornets,.543,.523,.205,107.4
2010,Indiana Pacers,.536,.490,.258,103.7
2010,Golden State Warriors,.557,.525,.260,108.1
2010,New York Knicks,.547,.526,.207,107.6
2010,Philadelphia 76ers,.534,.518,.231,106.1
2010,Sacramento Kings,.528,.505,.244,105.3
2010,Washington Wizards,.524,.502,.239,104.2
2010,Detroit Pistons,.515,.526,.264,105.6
2010,Los Angeles Clippers,.529,.509,.214,103.3
2010,Minnesota Timberwolves,.518,.525,.220,101.7
2010,New Jersey Nets,.509,.517,.229,100.6
2011,Miami Heat*,.573,.475,.223,111.7
2011,Chicago Bulls*,.541,.463,.222,108.3
2011,Los Angeles Lakers*,.545,.477,.181,111.0
2011,San Antonio Spurs*,.567,.491,.190,111.8
2011,Boston Celtics*,.561,.469,.235,106.2
2011,Orlando Magic*,.554,.475,.219,107.9
2011,Denver Nuggets*,.574,.500,.224,112.3
2011,Dallas Mavericks*,.565,.488,.206,109.7
2011,Oklahoma City Thunder*,.561,.493,.228,111.2
2011,Memphis Grizzlies*,.534,.502,.228,107.6
2011,Houston Rockets,.550,.500,.219,111.3
2011,Portland Trail Blazers*,.533,.510,.231,108.8
2011,Philadelphia 76ers*,.535,.487,.231,106.6
2011,New Orleans Hornets*,.537,.501,.220,106.2
2011,New York Knicks*,.561,.511,.240,110.9
2011,Team,TS%,eFG%,FT/FGA,ORtg
2011,Milwaukee Bucks,.511,.481,.236,101.6
2011,Phoenix Suns,.559,.513,.211,109.5
2011,Atlanta Hawks*,.542,.495,.211,106.1
2011,Indiana Pacers*,.533,.487,.237,104.8
2011,Utah Jazz,.544,.505,.275,108.1
2011,Golden State Warriors,.544,.509,.259,108.2
2011,Los Angeles Clippers,.535,.499,.250,105.3
2011,Detroit Pistons,.533,.526,.235,107.7
2011,Charlotte Bobcats,.528,.500,.229,103.4
2011,Sacramento Kings,.519,.513,.233,103.5
2011,New Jersey Nets,.517,.503,.241,103.1
2011,Toronto Raptors,.533,.522,.251,106.1
2011,Minnesota Timberwolves,.526,.514,.251,104.2
2011,Washington Wizards,.513,.512,.249,102.4
2011,Cleveland Cavaliers,.518,.524,.211,102.2
2012,Chicago Bulls*,.523,.450,.175,107.4
2012,San Antonio Spurs*,.562,.489,.168,110.9
2012,Oklahoma City Thunder*,.567,.465,.207,109.8
2012,Miami Heat*,.549,.479,.200,106.6
2012,Philadelphia 76ers*,.511,.460,.192,103.9
2012,Atlanta Hawks*,.535,.480,.186,104.9
2012,Indiana Pacers*,.526,.476,.222,106.7
2012,New York Knicks*,.533,.485,.224,104.4
2012,Denver Nuggets*,.556,.508,.185,109.2
2012,Boston Celtics*,.535,.452,.216,101.0
2012,Los Angeles Clippers*,.533,.492,.245,108.5
2012,Memphis Grizzlies*,.515,.485,.227,104.0
2012,Los Angeles Lakers*,.534,.476,.158,106.0
2012,Dallas Mavericks*,.527,.479,.203,103.3
2012,Orlando Magic*,.533,.488,.190,105.0
2012,Team,TS%,eFG%,FT/FGA,ORtg
2012,Utah Jazz*,.525,.493,.245,106.8
2012,Milwaukee Bucks,.521,.489,.217,105.5
2012,Houston Rockets,.529,.490,.210,105.5
2012,Phoenix Suns,.536,.491,.200,106.2
2012,Portland Trail Blazers,.531,.504,.199,105.7
2012,Minnesota Timberwolves,.524,.491,.187,104.3
2012,Golden State Warriors,.539,.496,.237,105.4
2012,Toronto Raptors,.518,.475,.260,100.8
2012,New Orleans Hornets,.517,.485,.218,100.9
2012,Washington Wizards,.508,.492,.229,101.0
2012,Detroit Pistons,.510,.500,.226,101.0
2012,Sacramento Kings,.510,.515,.199,103.8
2012,New Jersey Nets,.516,.513,.209,102.9
2012,Cleveland Cavaliers,.505,.508,.202,101.1
2012,Charlotte Bobcats,.483,.512,.206,95.2
2013,Oklahoma City Thunder*,.580,.469,.197,112.4
2013,Miami Heat*,.588,.487,.200,112.3
2013,Los Angeles Clippers*,.557,.492,.229,110.6
2013,San Antonio Spurs*,.568,.480,.179,108.3
2013,Denver Nuggets*,.549,.493,.193,110.4
2013,New York Knicks*,.550,.508,.216,111.1
2013,Memphis Grizzlies*,.514,.475,.209,104.9
2013,Indiana Pacers*,.521,.453,.197,104.3
2013,Houston Rockets*,.564,.502,.196,109.7
2013,Brooklyn Nets*,.536,.503,.174,108.2
2013,Los Angeles Lakers*,.548,.496,.163,107.8
2013,Golden State Warriors*,.545,.486,.211,106.4
2013,Atlanta Hawks*,.546,.496,.181,104.8
2013,Chicago Bulls*,.512,.477,.206,103.5
2013,Utah Jazz,.533,.501,.226,106.7
2013,Team,TS%,eFG%,FT/FGA,ORtg
2013,Boston Celtics*,.542,.482,.216,103.1
2013,Dallas Mavericks,.544,.492,.227,105.9
2013,Milwaukee Bucks*,.510,.492,.201,103.6
2013,Toronto Raptors,.532,.500,.247,105.9
2013,Minnesota Timberwolves,.516,.511,.187,102.9
2013,Washington Wizards,.512,.483,.206,100.2
2013,Portland Trail Blazers,.536,.512,.189,105.8
2013,Philadelphia 76ers,.509,.495,.200,102.0
2013,Detroit Pistons,.521,.505,.209,103.8
2013,New Orleans Hornets,.528,.520,.208,105.7
2013,Cleveland Cavaliers,.514,.523,.225,104.3
2013,Sacramento Kings,.532,.517,.227,106.2
2013,Phoenix Suns,.512,.512,.208,101.2
2013,Orlando Magic,.514,.508,.195,101.6
2013,Charlotte Bobcats,.507,.524,.197,101.5
2014,San Antonio Spurs*,.571,.482,.184,110.5
2014,Los Angeles Clippers*,.567,.484,.222,112.1
2014,Oklahoma City Thunder*,.566,.488,.221,110.5
2014,Miami Heat*,.590,.511,.212,110.9
2014,Golden State Warriors*,.550,.477,.224,107.5
2014,Indiana Pacers*,.535,.460,.197,104.1
2014,Houston Rockets*,.571,.489,.193,111.0
2014,Portland Trail Blazers*,.548,.488,.194,111.5
2014,Toronto Raptors*,.545,.493,.237,108.8
2014,Phoenix Suns,.558,.496,.237,109.5
2014,Minnesota Timberwolves,.535,.518,.177,108.9
2014,Dallas Mavericks*,.564,.515,.229,111.2
2014,Chicago Bulls*,.518,.471,.189,102.5
2014,Memphis Grizzlies*,.529,.497,.199,106.3
2014,Washington Wizards*,.538,.504,.220,106.0
2014,Team,TS%,eFG%,FT/FGA,ORtg
2014,Charlotte Bobcats*,.522,.491,.183,103.6
2014,Atlanta Hawks*,.554,.510,.196,105.9
2014,New York Knicks,.541,.514,.245,108.3
2014,Brooklyn Nets*,.555,.509,.236,106.7
2014,Denver Nuggets,.536,.500,.233,106.0
2014,New Orleans Pelicans,.537,.515,.249,107.2
2014,Sacramento Kings,.532,.512,.234,105.7
2014,Cleveland Cavaliers,.518,.508,.199,104.2
2014,Detroit Pistons,.514,.520,.218,105.9
2014,Boston Celtics,.517,.505,.227,102.9
2014,Orlando Magic,.525,.504,.211,101.7
2014,Los Angeles Lakers,.542,.513,.192,104.2
2014,Utah Jazz,.523,.518,.227,103.5
2014,Milwaukee Bucks,.519,.520,.225,103.0
2014,Philadelphia 76ers,.510,.524,.244,99.4
2015,Golden State Warriors*,.571,.470,.217,111.6
2015,Los Angeles Clippers*,.565,.493,.231,112.4
2015,San Antonio Spurs*,.555,.484,.190,108.5
2015,Atlanta Hawks*,.563,.492,.185,108.9
2015,Cleveland Cavaliers*,.557,.502,.177,111.1
2015,Portland Trail Blazers*,.544,.476,.182,108.2
2015,Houston Rockets*,.548,.486,.208,107.0
2015,Memphis Grizzlies*,.531,.492,.183,105.7
2015,Toronto Raptors*,.553,.506,.208,111.0
2015,Chicago Bulls*,.536,.473,.182,107.5
2015,Dallas Mavericks*,.550,.503,.204,109.5
2015,Oklahoma City Thunder,.532,.489,.213,107.8
2015,New Orleans Pelicans*,.537,.496,.195,108.2
2015,Washington Wizards*,.534,.481,.210,103.7
2015,Milwaukee Bucks*,.536,.487,.221,102.7
2015,Team,TS%,eFG%,FT/FGA,ORtg
2015,Indiana Pacers,.523,.478,.217,103.5
2015,Utah Jazz,.531,.491,.199,105.1
2015,Boston Celtics*,.523,.494,.208,104.7
2015,Phoenix Suns,.537,.497,.221,105.3
2015,Detroit Pistons,.515,.502,.192,105.3
2015,Miami Heat,.540,.505,.213,103.9
2015,Brooklyn Nets*,.529,.506,.185,104.4
2015,Charlotte Hornets,.498,.487,.188,100.1
2015,Denver Nuggets,.518,.504,.239,104.5
2015,Sacramento Kings,.542,.507,.200,105.3
2015,Orlando Magic,.524,.514,.210,101.6
2015,Los Angeles Lakers,.513,.518,.231,103.4
2015,Minnesota Timberwolves,.517,.537,.187,102.9
2015,Philadelphia 76ers,.494,.497,.225,95.5
2015,New York Knicks,.508,.512,.234,99.9
2016,San Antonio Spurs*,.564,.477,.182,110.3
2016,Golden State Warriors*,.593,.479,.208,114.5
2016,Oklahoma City Thunder*,.565,.484,.205,113.1
2016,Cleveland Cavaliers*,.558,.496,.205,110.9
2016,Toronto Raptors*,.552,.498,.201,110.0
2016,Los Angeles Clippers*,.556,.480,.222,108.3
2016,Atlanta Hawks*,.552,.480,.194,105.1
2016,Boston Celtics*,.531,.487,.231,106.8
2016,Charlotte Hornets*,.545,.496,.191,107.2
2016,Utah Jazz,.540,.495,.210,105.9
2016,Miami Heat*,.545,.485,.196,106.1
2016,Indiana Pacers*,.536,.489,.205,104.6
2016,Portland Trail Blazers*,.548,.503,.225,108.8
2016,Detroit Pistons*,.522,.504,.196,106.1
2016,Houston Rockets*,.553,.516,.219,108.3
2016,Team,TS%,eFG%,FT/FGA,ORtg
2016,Dallas Mavericks*,.544,.504,.198,106.7
2016,Washington Wizards,.544,.515,.218,105.3
2016,Chicago Bulls,.526,.485,.182,105.0
2016,Orlando Magic,.533,.513,.215,105.1
2016,Sacramento Kings,.546,.521,.202,106.0
2016,Memphis Grizzlies*,.524,.518,.251,105.4
2016,New York Knicks,.527,.487,.204,104.6
2016,Denver Nuggets,.531,.515,.216,105.6
2016,Minnesota Timberwolves,.549,.524,.200,106.5
2016,New Orleans Pelicans,.537,.523,.225,105.6
2016,Milwaukee Bucks,.537,.510,.221,104.3
2016,Phoenix Suns,.526,.523,.237,102.2
2016,Brooklyn Nets,.527,.534,.176,103.2
2016,Los Angeles Lakers,.509,.523,.202,101.6
2016,Philadelphia 76ers,.519,.510,.240,98.8
2017,Golden State Warriors*,.597,.486,.198,115.6
2017,San Antonio Spurs*,.564,.492,.192,111.1
2017,Houston Rockets*,.583,.519,.194,114.7
2017,Toronto Raptors*,.561,.507,.223,112.3
2017,Los Angeles Clippers*,.574,.506,.211,112.7
2017,Utah Jazz*,.563,.493,.195,109.6
2017,Cleveland Cavaliers*,.580,.516,.174,113.6
2017,Boston Celtics*,.567,.503,.223,111.2
2017,Washington Wizards*,.564,.524,.213,111.2
2017,Miami Heat,.541,.496,.220,107.8
2017,Oklahoma City Thunder*,.540,.511,.218,108.3
2017,Memphis Grizzlies*,.535,.506,.256,107.7
2017,Denver Nuggets,.568,.532,.194,113.2
2017,Chicago Bulls*,.530,.507,.169,107.4
2017,Charlotte Hornets,.547,.523,.164,108.8
2017,Team,TS%,eFG%,FT/FGA,ORtg
2017,Indiana Pacers*,.558,.512,.225,108.6
2017,Milwaukee Bucks*,.565,.518,.215,109.1
2017,Portland Trail Blazers*,.559,.508,.241,110.3
2017,Atlanta Hawks*,.541,.507,.179,104.9
2017,Detroit Pistons,.521,.516,.197,106.0
2017,Minnesota Timberwolves,.555,.535,.212,110.8
2017,New Orleans Pelicans,.539,.509,.177,105.2
2017,Dallas Mavericks,.541,.529,.218,105.6
2017,New York Knicks,.534,.511,.214,107.7
2017,Sacramento Kings,.556,.528,.227,107.3
2017,Phoenix Suns,.538,.525,.264,106.6
2017,Philadelphia 76ers,.539,.512,.234,103.2
2017,Brooklyn Nets,.551,.513,.212,104.1
2017,Orlando Magic,.524,.523,.201,103.7
2017,Los Angeles Lakers,.537,.542,.213,106.0
2018,Houston Rockets*,.590,.521,.171,114.7
2018,Toronto Raptors*,.575,.501,.212,113.8
2018,Golden State Warriors*,.603,.504,.186,113.6
2018,Utah Jazz*,.564,.506,.190,108.4
2018,Philadelphia 76ers*,.568,.492,.218,109.5
2018,Boston Celtics*,.552,.495,.191,107.6
2018,Oklahoma City Thunder*,.546,.525,.193,110.7
2018,San Antonio Spurs*,.543,.507,.170,107.9
2018,Portland Trail Blazers*,.549,.503,.193,109.1
2018,Minnesota Timberwolves*,.566,.539,.189,113.4
2018,Denver Nuggets,.570,.539,.173,112.5
2018,Indiana Pacers*,.557,.527,.174,109.5
2018,New Orleans Pelicans*,.573,.513,.175,109.6
2018,Cleveland Cavaliers*,.584,.540,.166,112.9
2018,Washington Wizards*,.560,.522,.212,109.3
2018,Team,TS%,eFG%,FT/FGA,ORtg
2018,Miami Heat*,.551,.507,.215,106.8
2018,Charlotte Hornets,.549,.532,.165,109.4
2018,Los Angeles Clippers,.564,.520,.203,110.3
2018,Detroit Pistons,.543,.524,.172,107.2
2018,Milwaukee Bucks*,.571,.528,.220,109.8
2018,Los Angeles Lakers,.548,.514,.190,106.5
2018,Dallas Mavericks,.544,.532,.193,106.3
2018,New York Knicks,.544,.522,.208,107.1
2018,Brooklyn Nets,.551,.517,.201,106.9
2018,Orlando Magic,.545,.525,.187,105.2
2018,Atlanta Hawks,.547,.536,.183,105.0
2018,Memphis Grizzlies,.539,.529,.256,104.5
2018,Chicago Bulls,.529,.542,.184,103.8
2018,Sacramento Kings,.529,.542,.199,103.7
2018,Phoenix Suns,.532,.533,.212,103.5
2019,Milwaukee Bucks*,.583,.503,.162,113.8
2019,Golden State Warriors*,.596,.508,.205,115.9
2019,Toronto Raptors*,.579,.509,.190,113.1
2019,Utah Jazz*,.572,.507,.189,110.9
2019,Houston Rockets*,.581,.525,.210,115.5
2019,Boston Celtics*,.567,.514,.198,112.2
2019,Portland Trail Blazers*,.568,.516,.195,114.7
2019,Denver Nuggets*,.558,.521,.194,113.0
2019,Indiana Pacers*,.561,.516,.184,109.9
2019,Oklahoma City Thunder*,.545,.523,.206,110.3
2019,Philadelphia 76ers*,.574,.512,.206,112.6
2019,San Antonio Spurs*,.572,.528,.170,112.9
2019,Los Angeles Clippers*,.575,.514,.224,112.4
2019,Orlando Magic*,.550,.515,.186,108.9
2019,Brooklyn Nets*,.556,.512,.190,109.6
2019,Team,TS%,eFG%,FT/FGA,ORtg
2019,Detroit Pistons*,.544,.526,.211,109.0
2019,Miami Heat,.542,.510,.201,107.3
2019,Sacramento Kings,.554,.533,.207,110.4
2019,Charlotte Hornets,.554,.538,.179,111.4
2019,New Orleans Pelicans,.563,.532,.193,111.4
2019,Dallas Mavericks,.555,.522,.191,109.4
2019,Minnesota Timberwolves,.552,.538,.190,111.4
2019,Los Angeles Lakers,.554,.516,.192,107.8
2019,Memphis Grizzlies,.548,.521,.232,106.1
2019,Washington Wizards,.567,.546,.199,111.1
2019,Atlanta Hawks,.555,.541,.237,108.1
2019,Chicago Bulls,.541,.541,.188,104.8
2019,New York Knicks,.529,.533,.203,104.5
2019,Phoenix Suns,.552,.545,.236,105.9
2019,Cleveland Cavaliers,.540,.564,.181,107.7
2020,Milwaukee Bucks*,.583,.489,.178,112.4
2020,Boston Celtics*,.570,.509,.215,113.3
2020,Los Angeles Clippers*,.577,.506,.206,113.9
2020,Toronto Raptors*,.574,.502,.202,111.1
2020,Los Angeles Lakers*,.573,.515,.205,112.0
2020,Dallas Mavericks*,.581,.525,.175,116.7
2020,Miami Heat*,.587,.523,.213,112.5
2020,Houston Rockets*,.578,.529,.197,112.9
2020,Utah Jazz*,.585,.518,.185,112.3
2020,Philadelphia 76ers*,.566,.523,.214,111.3
2020,Denver Nuggets*,.567,.533,.198,113.1
2020,Indiana Pacers*,.565,.511,.192,110.0
2020,Oklahoma City Thunder*,.573,.518,.173,110.8
2020,Phoenix Suns,.576,.539,.221,111.7
2020,Brooklyn Nets*,.554,.511,.187,108.9
2020,Team,TS%,eFG%,FT/FGA,ORtg
2020,Orlando Magic*,.544,.535,.176,108.5
2020,San Antonio Spurs,.572,.542,.193,112.4
2020,Memphis Grizzlies,.561,.521,.217,109.2
2020,Portland Trail Blazers*,.570,.530,.208,113.7
2020,New Orleans Pelicans,.568,.532,.212,110.7
2020,Sacramento Kings,.566,.543,.225,110.2
2020,Chicago Bulls,.547,.546,.239,106.7
2020,Detroit Pistons,.561,.541,.186,109.0
2020,Minnesota Timberwolves,.551,.541,.218,108.1
2020,Washington Wizards,.562,.558,.231,110.9
2020,New York Knicks,.531,.541,.224,106.5
2020,Charlotte Hornets,.539,.546,.159,106.3
2020,Atlanta Hawks,.554,.543,.233,107.2
2020,Cleveland Cavaliers,.553,.560,.164,107.5
2020,Golden State Warriors,.540,.553,.193,105.2
2021,Utah Jazz*,.597,.507,.159,117.6
2021,Los Angeles Clippers*,.599,.531,.186,117.6
2021,Phoenix Suns*,.597,.534,.194,117.2
2021,Milwaukee Bucks*,.593,.536,.157,117.2
2021,Philadelphia 76ers*,.579,.521,.200,113.2
2021,Denver Nuggets*,.588,.545,.200,117.1
2021,Brooklyn Nets*,.610,.531,.187,118.3
2021,Los Angeles Lakers*,.569,.526,.184,109.9
2021,Dallas Mavericks*,.582,.534,.197,115.4
2021,New York Knicks*,.559,.509,.196,110.6
2021,Atlanta Hawks*,.581,.530,.190,115.7
2021,Portland Trail Blazers*,.577,.546,.203,117.8
2021,Boston Celtics*,.574,.539,.215,114.0
2021,Golden State Warriors,.583,.522,.223,111.1
2021,Memphis Grizzlies*,.560,.535,.196,112.0
2021,Team,TS%,eFG%,FT/FGA,ORtg
2021,Miami Heat*,.581,.542,.183,111.2
2021,Indiana Pacers,.575,.531,.201,112.4
2021,New Orleans Pelicans,.570,.550,.186,113.5
2021,Toronto Raptors,.567,.543,.234,112.0
2021,Chicago Bulls,.575,.538,.196,111.1
2021,San Antonio Spurs,.554,.541,.174,111.0
2021,Washington Wizards*,.569,.539,.217,111.2
2021,Charlotte Hornets,.564,.550,.163,110.9
2021,Sacramento Kings,.578,.557,.199,113.6
2021,Detroit Pistons,.556,.541,.195,108.0
2021,Minnesota Timberwolves,.555,.556,.207,109.5
2021,Houston Rockets,.553,.555,.201,107.1
2021,Cleveland Cavaliers,.543,.556,.183,105.8
2021,Orlando Magic,.527,.547,.169,105.1
2021,Oklahoma City Thunder,.539,.547,.167,103.5
2022,Boston Celtics*,.578,.502,.183,114.4
2022,Phoenix Suns*,.581,.510,.195,114.8
2022,Utah Jazz*,.589,.521,.164,116.7
2022,Memphis Grizzlies*,.553,.523,.195,114.6
2022,Golden State Warriors*,.582,.509,.201,112.5
2022,Miami Heat*,.584,.524,.209,113.7
2022,Dallas Mavericks*,.572,.521,.185,112.8
2022,Milwaukee Bucks*,.580,.536,.165,115.1
2022,Philadelphia 76ers*,.578,.524,.192,113.5
2022,Minnesota Timberwolves*,.573,.535,.227,114.3
2022,Denver Nuggets*,.590,.537,.188,114.5
2022,Toronto Raptors*,.543,.535,.199,112.9
2022,Cleveland Cavaliers,.571,.520,.172,111.9
2022,Atlanta Hawks*,.581,.543,.177,116.5
2022,Brooklyn Nets*,.576,.521,.201,113.6
2022,Team,TS%,eFG%,FT/FGA,ORtg
2022,Charlotte Hornets,.572,.544,.187,114.1
2022,San Antonio Spurs,.556,.532,.176,112.4
2022,Los Angeles Clippers,.564,.514,.167,110.1
2022,New York Knicks,.550,.521,.198,110.4
2022,Chicago Bulls*,.579,.541,.199,113.2
2022,New Orleans Pelicans*,.557,.547,.196,112.0
2022,Los Angeles Lakers,.567,.540,.192,110.3
2022,Washington Wizards,.568,.529,.202,111.1
2022,Indiana Pacers,.564,.552,.204,112.6
2022,Sacramento Kings,.561,.551,.176,109.9
2022,Detroit Pistons,.533,.541,.226,106.0
2022,Orlando Magic,.538,.532,.196,104.5
2022,Oklahoma City Thunder,.530,.533,.169,104.6
2022,Houston Rockets,.565,.554,.206,108.4
2022,Portland Trail Blazers,.550,.559,.222,107.8
2023,Boston Celtics*,.600,.528,.180,118.0
2023,Cleveland Cavaliers*,.590,.535,.210,116.1
2023,Philadelphia 76ers*,.608,.541,.217,117.7
2023,Memphis Grizzlies*,.570,.526,.206,115.1
2023,Milwaukee Bucks*,.583,.520,.175,115.4
2023,Denver Nuggets*,.601,.543,.201,117.6
2023,New York Knicks*,.577,.536,.210,117.8
2023,Sacramento Kings*,.608,.563,.203,119.4
2023,Phoenix Suns*,.570,.532,.234,115.1
2023,New Orleans Pelicans,.582,.543,.212,114.4
2023,Golden State Warriors*,.600,.540,.214,116.1
2023,Toronto Raptors,.555,.565,.223,115.5
2023,Chicago Bulls,.587,.544,.197,113.5
2023,Oklahoma City Thunder,.570,.547,.222,115.2
2023,Brooklyn Nets*,.598,.530,.212,115.0
2023,Team,TS%,eFG%,FT/FGA,ORtg
2023,Los Angeles Lakers*,.582,.535,.171,114.5
2023,Los Angeles Clippers*,.588,.543,.195,115.0
2023,Atlanta Hawks*,.579,.552,.206,116.6
2023,Dallas Mavericks,.599,.549,.226,116.8
2023,Minnesota Timberwolves*,.592,.540,.225,113.7
2023,Miami Heat*,.574,.561,.198,113.0
2023,Utah Jazz,.584,.541,.205,115.8
2023,Washington Wizards,.585,.540,.194,114.4
2023,Orlando Magic,.573,.550,.211,111.6
2023,Indiana Pacers,.581,.554,.229,114.6
2023,Portland Trail Blazers,.589,.563,.217,114.8
2023,Charlotte Hornets,.550,.544,.211,109.2
2023,Houston Rockets,.554,.564,.218,111.4
2023,Detroit Pistons,.561,.557,.231,110.7
2023,San Antonio Spurs,.554,.576,.201,110.2
2024,Boston Celtics*,.609,.523,.145,123.2
2024,Oklahoma City Thunder*,.608,.530,.202,119.5
2024,Minnesota Timberwolves*,.594,.515,.197,115.6
2024,Denver Nuggets*,.589,.526,.195,118.5
2024,New York Knicks*,.574,.543,.176,118.2
2024,New Orleans Pelicans*,.591,.541,.186,117.4
2024,Los Angeles Clippers*,.599,.541,.183,118.8
2024,Philadelphia 76ers*,.574,.537,.215,116.9
2024,Phoenix Suns*,.603,.536,.178,117.6
2024,Indiana Pacers*,.606,.556,.228,121.0
2024,Golden State Warriors,.586,.539,.195,117.8
2024,Milwaukee Bucks*,.601,.539,.189,118.4
2024,Cleveland Cavaliers*,.586,.535,.190,115.2
2024,Dallas Mavericks*,.592,.548,.184,117.6
2024,Orlando Magic*,.577,.543,.206,113.4
2024,Team,TS%,eFG%,FT/FGA,ORtg
2024,Miami Heat*,.578,.543,.174,114.0
2024,Sacramento Kings,.582,.555,.213,116.9
2024,Houston Rockets,.565,.533,.219,114.5
2024,Los Angeles Lakers*,.601,.550,.153,115.9
2024,Chicago Bulls,.568,.556,.195,114.9
2024,Atlanta Hawks,.576,.572,.192,117.2
2024,Brooklyn Nets,.561,.543,.193,113.2
2024,Utah Jazz,.579,.567,.182,115.5
2024,San Antonio Spurs,.563,.555,.174,110.0
2024,Toronto Raptors,.566,.566,.172,112.3
2024,Memphis Grizzlies,.543,.551,.195,107.2
2024,Detroit Pistons,.562,.558,.221,109.7
2024,Washington Wizards,.567,.562,.201,110.5
2024,Portland Trail Blazers,.539,.558,.216,108.3
2024,Charlotte Hornets,.560,.572,.188,109.3
2025,Oklahoma City Thunder*,.593,.513,.211,120.3
2025,Boston Celtics*,.591,.522,.154,120.6
2025,Cleveland Cavaliers*,.607,.528,.181,121.7
2025,Minnesota Timberwolves*,.588,.532,.178,116.6
2025,Los Angeles Clippers*,.589,.536,.189,115.1
2025,Memphis Grizzlies*,.588,.533,.206,117.7
2025,Houston Rockets*,.553,.528,.186,115.3
2025,New York Knicks*,.589,.549,.176,118.5
2025,Denver Nuggets*,.604,.542,.173,119.9
2025,Golden State Warriors*,.568,.541,.189,115.0
2025,Milwaukee Bucks*,.598,.533,.174,115.9
2025,Indiana Pacers*,.594,.546,.190,116.5
2025,Detroit Pistons*,.580,.539,.214,115.0
2025,Los Angeles Lakers*,.593,.539,.178,115.9
2025,Miami Heat*,.576,.543,.157,113.5
2025,Team,TS%,eFG%,FT/FGA,ORtg
2025,Sacramento Kings,.582,.557,.200,116.7
2025,Orlando Magic*,.550,.538,.220,109.4
2025,Atlanta Hawks,.579,.560,.202,114.6
2025,Dallas Mavericks,.583,.540,.179,114.8
2025,Chicago Bulls,.585,.539,.178,114.1
2025,San Antonio Spurs,.575,.551,.158,114.4
2025,Portland Trail Blazers,.555,.543,.204,111.7
2025,Phoenix Suns,.595,.552,.191,116.2
2025,Toronto Raptors,.553,.541,.222,110.5
2025,Philadelphia 76ers,.563,.570,.194,111.9
2025,Brooklyn Nets,.552,.557,.218,108.5
2025,Utah Jazz,.568,.559,.185,111.2
2025,Charlotte Hornets,.537,.547,.190,107.3
2025,New Orleans Pelicans,.552,.564,.190,110.4
2025,Washington Wizards,.546,.548,.202,106.8
2026,Oklahoma City Thunder*,.599,.519,.184,118.9
2026,San Antonio Spurs*,.595,.522,.180,119.6
2026,Detroit Pistons*,.583,.517,.251,117.9
2026,Boston Celtics*,.583,.523,.189,120.8
2026,New York Knicks*,.590,.541,.206,119.8
2026,Houston Rockets*,.576,.530,.189,118.6
2026,Denver Nuggets*,.616,.543,.196,122.6
2026,Charlotte Hornets*,.589,.540,.186,119.4
2026,Cleveland Cavaliers*,.595,.543,.209,119.2
2026,Minnesota Timberwolves*,.592,.529,.220,116.8
2026,Toronto Raptors*,.581,.540,.222,115.9
2026,Atlanta Hawks*,.584,.546,.206,116.1
2026,Miami Heat*,.580,.540,.193,116.7
2026,Los Angeles Lakers*,.609,.555,.191,118.2
2026,Phoenix Suns*,.568,.541,.217,115.4
2026,Team,TS%,eFG%,FT/FGA,ORtg
2026,Los Angeles Clippers*,.602,.545,.197,117.3
2026,Orlando Magic*,.576,.545,.223,114.9
2026,Philadelphia 76ers*,.572,.541,.212,115.4
2026,Portland Trail Blazers*,.570,.541,.215,114.4
2026,Golden State Warriors*,.584,.553,.198,115.0
2026,New Orleans Pelicans,.568,.555,.199,114.4
2026,Chicago Bulls,.580,.553,.190,113.0
2026,Dallas Mavericks,.564,.546,.183,111.2
2026,Memphis Grizzlies,.570,.562,.203,112.9
2026,Milwaukee Bucks,.589,.558,.215,112.9
2026,Indiana Pacers,.568,.556,.218,110.9
2026,Utah Jazz,.575,.578,.227,114.1
2026,Sacramento Kings,.560,.572,.216,111.4
2026,Brooklyn Nets,.559,.571,.225,108.7
2026,Washington Wizards,.566,.563,.232,111.0
